{
    "intents": [
        {
            "tag": "greet",
            "patterns": ["hi", "howdy", "hey there","hello", "greetings"],
            "responses": ["Howdy, how can I help you?", "Howdy mffl! Ask me anything about a player!", "Howdy!"]
        },
        {
            "tag": "goodbye",
            "patterns": ["bye", "goodbye", "see you later"],
            "responses": ["Sweet dreams mffl! Type 'quit' to end session", "Goodbye! Type 'quit' to end session", "Bye! Type 'quit' to end session"]
        },
        {
            "tag": "thanks",
            "patterns": ["thank", "thanks", "thank much"],
            "responses": ["No problem!", "My pleasure!", "Always at your service."]
        },
        {
            "tag": "mark_cuban",
            "patterns": ["owner team", "owner dallas mavericks", "owns mavs", "mark cuban", "owns team"],
            "responses": ["Mark Cuban, owner of the Dallas Mavs", "Mark Cuban is our owner since Jan. 4th,2000!", "Mark Cuban - bought the team for $285 million"]
        },
        {
            "tag": "goat",
            "patterns": ["goat", "best player team", "best player mavs", "best player time"],
            "responses": ["Dirk Nowitzki", "All time GOAT, #41 - Dirk Nowitzki", "Our very own Hall of Famer - Dirk Nowitzki!!"]
        },
        {
            "tag": "general_mavs",
            "patterns": ["mavs", "mavericks", "dallas mavericks", "dallas mavs", "nba"],
            "responses": ["Dallas Mavericks is an NBA (National Basketball Association) team located in Dallas, Texas.", "The Dallas Mavericks is a basketball team part of the NBA (National Basketball Association)"]
        },
        {
            "tag": "funny",
            "patterns": ["devin booker", "pheonix suns", "booker", "suns", "luka magic"],
            "responses": ["Luka Doncic's son & proud owner of the Pheonix Suns, est. Game 7, Round 2 of the 2021-2022 NBA Playoffs", "Devin Booker is Luka's son, born on May 15, 2022."]
        }
    ]
}