{"Howdy": {"name": "Howdy", "personal_info": {}, "likes": [], "dislikes": []}, "Siadls": {"name": "Siadls", "personal_info": {}, "likes": ["pie", "cheese"], "dislikes": []}, "Siadl": {"name": "Siadl", "personal_info": {}, "likes": ["pie"], "dislikes": ["cheese"]}, "Choco": {"name": "Choco", "personal_info": {}, "likes": ["chocolate pie and herbs", "carrots"], "dislikes": ["carrots"]}, "SM": {"name": "SM", "personal_info": {}, "likes": ["Japan and Claymation"], "dislikes": ["the Bulls"]}, "ADSJ": {"name": "ADSJ", "personal_info": {}, "likes": ["fried rice and potatoes"], "dislikes": ["oranges."]}, "Beans": {"name": "Beans", "personal_info": {}, "likes": ["radishes but I"], "dislikes": ["oranges"]}, "SDIUA": {"name": "SDIUA", "personal_info": {}, "likes": ["peaches,", "japan"], "dislikes": ["mangoes"]}, "John Likebody": {"name": "John Likebody", "personal_info": {}, "likes": [], "dislikes": ["crows", "kettles"]}, "John Like": {"name": "John Like", "personal_info": {}, "likes": [], "dislikes": ["carrots."]}, "Cheese Like": {"name": "Cheese Like", "personal_info": {}, "likes": ["cheese", "china"], "dislikes": ["chocolate", "pineapples", "chicharron"]}, "Sana": {"name": "Sana", "personal_info": {}, "likes": ["Cetaphil"], "dislikes": ["the"]}, "John": {"name": "John", "personal_info": {}, "likes": ["candy", "remotes"], "dislikes": []}, "Soda": {"name": "Soda", "personal_info": {}, "likes": [], "dislikes": []}, "Shreya": {"name": "Shreya", "personal_info": {}, "likes": [], "dislikes": ["jason"]}, "Rekha": {"name": "Rekha", "personal_info": {}, "likes": ["skincare"], "dislikes": []}, "Bob": {"name": "Bob", "personal_info": {}, "likes": [], "dislikes": ["basketball"]}, "Nik": {"name": "Nik", "personal_info": {}, "likes": ["pie"], "dislikes": ["Jan"]}}